parkinguser_id,parking_fee_sek,parking_duration,weekday,registered_cars,n_parkings,parking_activity,area_type,account_type
fake_00f8011540,34.74245,1.4778499999999999,0.5,5.0,50.0,0.0472589792060491,"[0.         0.96420885 0.10713432 0.24105221 0.02678358 0.
 0.        ]",0.0
fake_06c1cbc936,11.555882352941175,3.2991176470588237,0.6470588235294118,1.0,17.0,0.037199124726477,[0. 1. 0. 0. 0. 0. 0.],0.0
fake_0703d99383,10.319868766404198,1.2477755905511811,0.863517060367454,8.0,381.0,0.19618949536560243,"[0.00572831 0.08019631 0.00859246 0.99672559 0.         0.
 0.        ]",0.0
fake_07ec98fe5f,11.516129032258064,1.3396146953405017,0.6129032258064516,4.0,31.0,0.0214830214830214,"[0.03564615 0.99809221 0.03564615 0.03564615 0.         0.
 0.        ]",0.0
fake_0886c9a74d,66.73435064935065,5.866888528138529,0.9285714285714286,2.0,154.0,0.1659482758620689,"[0.007209   0.10092597 0.007209   0.9948417  0.         0.
 0.        ]",0.0
fake_0938a04d77,75.84753521126761,17.781832942097026,0.647887323943662,6.0,142.0,0.3002114164904862,"[0.         0.06956499 0.03091777 0.99709819 0.         0.
 0.        ]",0.0
fake_097e05c3dd,68.13335294117647,5.467599673202614,0.9588235294117647,1.0,170.0,0.19362186788154886,"[0.         0.99840153 0.         0.02527599 0.05055198 0.
 0.        ]",0.0
fake_0991f2f96b,14.95027027027027,2.09746996996997,0.8513513513513513,8.0,74.0,0.0481457384515289,"[0.         0.19002191 0.         0.98177985 0.         0.
 0.        ]",0.0
fake_09f80d75a1,19.435454545454544,1.0997348484848486,0.6363636363636364,3.0,22.0,0.0326409495548961,"[0.         0.90618314 0.         0.42288547 0.         0.
 0.        ]",0.0
fake_0a5de8cbc5,6.5285714285714285,0.9318181818181818,1.0,11.0,77.0,0.089639115250291,"[0.02665719 0.99964463 0.         0.         0.         0.
 0.        ]",0.0
fake_0c35ff9813,19.604375,1.466909722222222,0.875,3.0,48.0,0.0898876404494382,"[0.         0.22485951 0.         0.9743912  0.         0.
 0.        ]",1.0
fake_0cbece604e,14.573788623595506,0.8764619421036205,0.9676966292134831,10.0,2848.0,1.0326323422770125,"[0.0249647  0.96622652 0.02080392 0.24964704 0.05501481 0.
 0.        ]",1.0
fake_0cf76b9593,15.931167785234898,2.160835943325876,0.6281879194630873,11.0,745.0,0.35124941065535115,"[0.00154375 0.98799908 0.00463125 0.15437486 0.00154375 0.
 0.        ]",0.0
fake_0d3857daeb,23.981,1.087048611111111,0.7,4.0,40.0,0.087719298245614,"[0.08391814 0.33567254 0.41959068 0.83918136 0.         0.
 0.        ]",0.0
fake_0ea0c8a5ff,29.494242424242422,33.310833333333335,0.8787878787878788,2.0,33.0,0.0392857142857142,[0. 0. 0. 1. 0. 0. 0.],0.0
fake_0f1cfb04a4,57.97567216391804,3.6436534510522516,0.9655172413793104,8.0,2001.0,0.793732645775486,"[0.         0.1094833  0.10524914 0.98837409 0.00725856 0.
 0.        ]",0.0
fake_108e7f0a70,42.12921000658328,5.972991368590447,0.7741935483870968,16.0,1519.0,0.7572283150548355,"[0.00250801 0.9563897  0.01003206 0.29176574 0.00919605 0.
 0.        ]",0.0
fake_10ad6e5c1c,13.409146141215107,1.4217341725962416,0.8866995073891626,6.0,609.0,0.634375,"[0.         0.13712561 0.12689236 0.98239244 0.         0.
 0.        ]",0.0
fake_1103e82314,12.877757009345794,1.0854932502596053,0.9252336448598131,2.0,107.0,0.1436241610738255,"[0.         0.12531996 0.         0.99211638 0.         0.
 0.        ]",0.0
fake_118052c1ce,12.797172413793103,2.9463390804597704,0.9310344827586207,5.0,145.0,0.3846153846153846,"[0.00694428 0.         0.         0.99997589 0.         0.
 0.        ]",1.0
fake_126613f185,30.06655238095238,5.2257208994708995,0.6857142857142857,8.0,210.0,0.1933701657458563,"[0.         0.41218098 0.10135598 0.90544674 0.         0.
 0.        ]",0.0
fake_142265a97f,8.376730769230768,0.7816987179487179,0.9038461538461539,1.0,52.0,0.0678851174934725,"[0.         0.23162053 0.         0.97280621 0.         0.
 0.        ]",0.0
fake_16664509a2,22.789372623574142,2.407742923531897,0.7585551330798479,14.0,526.0,0.3209273947528981,"[0.         0.75124693 0.12031689 0.64853739 0.02347647 0.
 0.        ]",0.0
fake_186c5911db,30.939534883720928,1.4035163652024116,0.9224806201550387,3.0,129.0,0.1160071942446043,"[0.         0.50270972 0.04371389 0.86334931 0.         0.
 0.        ]",0.0
fake_196d6744cb,39.479737827715354,3.7512411568872244,0.7284644194756554,6.0,534.0,0.3622795115332429,"[0.         0.12057322 0.69760223 0.7062146  0.00861237 0.
 0.        ]",0.0
fake_19e1e569f7,49.531168831168834,3.644170274170274,0.6883116883116883,5.0,77.0,0.0600155884645362,"[0.         0.74711743 0.37355871 0.54935105 0.02197404 0.
 0.        ]",0.0
fake_1b8e0f5246,29.203644032921808,2.6851771833561955,0.8600823045267489,14.0,243.0,0.184370257966616,"[0.         0.38694539 0.11725618 0.91459821 0.00586281 0.
 0.        ]",0.0
fake_1bf6967de9,17.358402366863906,1.0825649243918474,0.8520710059171598,3.0,338.0,0.1427967891846218,"[0.         0.89491713 0.06659848 0.44121496 0.00416241 0.
 0.        ]",0.0
fake_1cc1970582,41.730399113082036,2.6480266075388026,0.9866962305986696,7.0,451.0,0.1668516463189049,"[0.00285129 0.20244194 0.08839014 0.97514288 0.01710777 0.
 0.        ]",1.0
fake_1ddbe61683,4.4639294710327455,2.1584970612930308,0.8261964735516373,11.0,397.0,0.4552752293577982,"[0.         0.00506323 0.         0.99998718 0.         0.
 0.        ]",0.0
fake_2011e87649,39.83562753036438,3.3482358674463937,0.9433198380566802,13.0,741.0,0.385736595523165,"[0.         0.59536613 0.15947307 0.78673381 0.03402092 0.
 0.        ]",0.0
fake_2054d766c1,37.959191919191916,7.530655864197531,0.9267676767676768,4.0,396.0,1.0909090909090908,"[0.         0.00253164 0.         0.9999968  0.         0.
 0.        ]",0.0
fake_209ec6a6f3,23.552436974789913,1.2327100840336134,1.0,2.0,238.0,0.271689497716895,"[0.         0.11300407 0.01412551 0.99349411 0.         0.
 0.        ]",1.0
fake_20ca52a766,34.37711111111111,2.8773888888888886,0.9111111111111111,1.0,45.0,0.145631067961165,"[0.         0.4472136  0.         0.89442719 0.         0.
 0.        ]",0.0
fake_20da1fb1bc,20.71985145631068,2.1354692556634305,0.9805825242718447,5.0,103.0,0.0864093959731543,"[0.         0.90452564 0.         0.42641923 0.         0.
 0.        ]",0.0
fake_2110370c19,32.746521739130436,1.628987365291713,0.802675585284281,12.0,299.0,0.1903246339910884,"[0.         0.16337966 0.06535187 0.98436248 0.00816898 0.
 0.        ]",0.0
fake_256473c6ae,21.19679794520548,5.174303652968037,0.940068493150685,1.0,584.0,0.8044077134986226,"[0.         0.72578317 0.14251742 0.67299894 0.         0.
 0.        ]",0.0
fake_25a8fbdad4,20.241542857142857,1.564398148148148,0.9285714285714286,2.0,42.0,0.1153846153846153,"[0.         0.98058068 0.         0.19611614 0.         0.
 0.        ]",0.0
fake_26d40cc410,17.248440860215055,1.186899641577061,0.7204301075268817,4.0,186.0,0.2660944206008583,"[0.         0.84316565 0.01533028 0.53655996 0.03066057 0.
 0.        ]",0.0
fake_26f046b1f2,21.790599999999998,1.5534999999999999,0.68,1.0,50.0,0.0679347826086956,"[0.         0.94346014 0.         0.331486   0.         0.
 0.        ]",0.0
fake_2718fad4fd,23.34457627118644,2.143338041431262,0.423728813559322,21.0,59.0,0.0404386566141192,"[0.         0.37519276 0.         0.92694681 0.         0.
 0.        ]",0.0
fake_2733884f66,21.005085227272726,1.8559706439393937,0.8352272727272727,4.0,352.0,0.4536082474226804,"[0.00769721 0.91596744 0.0038486  0.40025468 0.02694022 0.
 0.        ]",0.0
fake_2752f7e0bc,19.967604790419163,4.835894876912841,0.9820359281437125,9.0,334.0,0.1922855497985031,"[0.00825165 0.86642334 0.         0.49922488 0.00412583 0.
 0.        ]",0.0
fake_291163eb11,21.017931034482757,1.901714559386973,0.7586206896551724,6.0,87.0,0.1146245059288537,"[0.         0.41036468 0.         0.91192151 0.         0.
 0.        ]",0.0
fake_2c5fc36fef,21.701666666666668,4.926530501089325,0.954248366013072,1.0,306.0,1.0268456375838926,"[0.         0.03399316 0.         0.99939894 0.00679863 0.
 0.        ]",1.0
fake_2d3137f618,25.979375,2.940659722222222,0.875,4.0,16.0,0.0355555555555555,"[0.         0.65561007 0.09365858 0.74926865 0.         0.
 0.        ]",0.0
fake_2d962b014c,18.551714285714283,1.1097142857142859,0.8285714285714286,5.0,35.0,0.0438047559449311,"[0.15617376 0.52057921 0.         0.72881089 0.41646337 0.
 0.        ]",0.0
fake_2f55078b6f,20.281283422459893,1.324090909090909,0.9064171122994652,4.0,374.0,0.43287037037037024,"[0.         0.07493262 0.00288202 0.99718027 0.00288202 0.
 0.        ]",1.0
fake_2f85e037be,12.838817733990146,1.7041064586754242,0.6009852216748769,7.0,203.0,0.1326797385620915,"[0.         0.95695422 0.0061739  0.29017322 0.         0.
 0.        ]",0.0
fake_2ff7caf2bb,40.60060606060606,2.400286195286195,0.8181818181818182,1.0,33.0,0.0486725663716814,"[0.         0.51682508 0.0939682  0.84571377 0.0939682  0.
 0.        ]",0.0
fake_3044a73052,42.50583673469388,6.576592970521542,0.7551020408163265,8.0,245.0,0.131367292225201,"[0.00530812 0.2919467  0.04246497 0.95546193 0.00530812 0.
 0.        ]",0.0
fake_3070f635eb,15.749047619047618,1.6011067019400353,0.9761904761904762,5.0,126.0,0.0611650485436893,"[0.         0.59278035 0.01118453 0.80528651 0.         0.
 0.        ]",0.0
fake_31187cd4bf,13.855177304964538,0.8634416863672183,0.6879432624113475,6.0,141.0,0.1075514874141876,"[0.         0.4137931  0.37931034 0.82758621 0.         0.
 0.        ]",0.0
fake_3198536801,39.440310559006214,18.368678398895792,0.7080745341614907,3.0,161.0,0.4160206718346254,"[0.         0.98639392 0.         0.16439899 0.         0.
 0.        ]",0.0
fake_3265af3f4a,11.68421052631579,1.0994005847953217,0.7894736842105263,3.0,38.0,0.1180124223602484,"[0.         0.41905818 0.         0.90795938 0.         0.
 0.        ]",0.0
fake_32f9060710,65.88565217391304,12.132572463768117,0.6956521739130435,2.0,23.0,0.0565110565110565,"[0.         0.09480909 0.         0.99549547 0.         0.
 0.        ]",0.0
fake_3371face70,25.031785714285714,2.508835978835979,0.9761904761904762,4.0,84.0,0.0825147347740668,"[0.         0.16232693 0.50501712 0.84770731 0.         0.
 0.        ]",0.0
fake_33ca8a04a9,41.149375,3.0753993055555555,0.6875,1.0,16.0,0.016243654822335,"[0.         0.55234477 0.09205746 0.82851716 0.         0.
 0.        ]",0.0
fake_359b59c9e7,27.600949999999997,1.574351388888889,0.88,8.0,200.0,0.1162790697674418,"[0.01584808 0.72108762 0.11093656 0.68146742 0.05546828 0.
 0.        ]",0.0
fake_36b1cce36c,22.05238601823708,2.1019733620398515,0.9179331306990881,7.0,1316.0,0.7732079905992949,"[0.         0.70116945 0.03412285 0.71217682 0.00110074 0.
 0.        ]",0.0
fake_378f52df90,54.48125698324023,3.9749324953445067,0.994413407821229,8.0,358.0,0.3302583025830258,"[0.         0.16332197 0.01306576 0.98646467 0.00653288 0.
 0.        ]",1.0
fake_37d593c423,7.9585897435897435,1.216631054131054,0.9743589743589743,1.0,78.0,0.0930787589498806,[0. 1. 0. 0. 0. 0. 0.],0.0
fake_3978485fc7,43.43081967213115,7.973545081967213,0.9590163934426229,2.0,122.0,0.4135593220338983,"[0.         0.02520208 0.         0.99968238 0.         0.
 0.        ]",0.0
fake_39a1b85c53,30.50693548387097,6.392522401433692,0.9516129032258065,2.0,186.0,0.3251748251748251,"[0.         0.00543462 0.00543462 0.99997046 0.         0.
 0.        ]",0.0
fake_39cab92f97,72.99237410071943,4.229224620303757,0.9928057553956835,4.0,139.0,0.2545787545787545,"[0.         0.02961663 0.         0.99956133 0.         0.
 0.        ]",0.0
fake_39e1ea9867,13.284466019417476,1.278249730312837,0.9660194174757282,6.0,206.0,0.1698268755152514,"[0.         0.65091666 0.27783028 0.70648272 0.         0.
 0.        ]",0.0
fake_3a760a9520,37.6727990430622,2.720890483785221,0.9114832535885168,4.0,418.0,0.9309576837416481,"[0.         0.22308792 0.02054757 0.97454196 0.0088061  0.
 0.        ]",1.0
fake_3ba346a0cd,56.957787698412695,3.7568353174603173,0.9692460317460317,20.0,1008.0,0.4376899696048632,"[0.         0.10502345 0.10024966 0.98936863 0.00835414 0.
 0.        ]",1.0
fake_3bc9b49c25,45.174687500000005,1.9982638888888888,0.84375,1.0,32.0,0.0555555555555555,"[0.         0.19551547 0.07820619 0.97757736 0.         0.
 0.        ]",0.0
fake_3bd62db28c,12.1646875,0.9242361111111111,0.828125,1.0,64.0,0.1933534743202417,"[0.         0.53966611 0.         0.84187914 0.         0.
 0.        ]",0.0
fake_3d13e17f0d,14.147169811320754,4.549397274633123,0.9056603773584906,5.0,53.0,0.1545189504373177,"[0.         0.08136201 0.         0.99668462 0.         0.
 0.        ]",0.0
fake_405b902666,19.529351851851853,1.594925411522634,1.0,2.0,108.0,0.2317596566523605,"[0.00988308 0.0592985  0.         0.99819137 0.         0.
 0.        ]",0.0
fake_44a603d540,28.736545454545453,2.3747828282828283,0.7818181818181819,2.0,55.0,0.0588865096359743,"[0.         0.62448354 0.         0.78060442 0.02602015 0.
 0.        ]",0.0
fake_456a8cb05c,16.166962025316458,1.8048628691983124,0.8860759493670886,4.0,79.0,0.0976514215080346,"[0.057657   0.99458329 0.         0.0864855  0.         0.
 0.        ]",0.0
fake_46d3b25c5a,21.679605263157892,1.4725036549707602,0.631578947368421,2.0,76.0,0.0824295010845987,"[0.         0.6900851  0.11898019 0.57110491 0.42832868 0.
 0.        ]",0.0
fake_471004a6eb,18.95689393939394,1.577716750841751,0.7272727272727273,11.0,132.0,0.236983842010772,"[0.         0.46144973 0.19611614 0.86521824 0.         0.
 0.        ]",0.0
fake_47257fa388,53.52764705882353,2.151372549019608,0.75,1.0,68.0,0.1137123745819397,"[0.         0.72753284 0.         0.68473679 0.04279605 0.
 0.        ]",0.0
fake_483b8c4c28,33.9704054054054,2.4282845345345345,0.6824324324324325,4.0,148.0,0.0646570554827435,"[0.         0.86225091 0.04844106 0.50378705 0.01937642 0.
 0.        ]",0.0
fake_4906494c0c,37.286265060240964,5.615187416331994,0.891566265060241,4.0,83.0,0.1633858267716535,"[0.         0.02468383 0.         0.99969531 0.         0.
 0.        ]",1.0
fake_4a2fd34681,54.3725,11.66429861111111,0.75,4.0,40.0,0.11661807580174918,"[0.         0.35465423 0.         0.93499753 0.         0.
 0.        ]",0.0
fake_4a71e7b763,16.03298319327731,1.2989355742296917,1.0,9.0,238.0,0.108675799086758,"[0.         0.29491103 0.11565138 0.94834134 0.01734771 0.
 0.        ]",1.0
fake_4bfd62b689,32.977199999999996,3.621057777777778,1.0,2.0,125.0,0.3776435045317221,"[0.         0.15549286 0.         0.98783702 0.         0.
 0.        ]",1.0
fake_4fa783855e,25.551280696202532,1.2673936357243318,0.8227848101265823,5.0,316.0,0.2757417102966841,"[0.00970143 0.60633906 0.12126781 0.78581543 0.00485071 0.
 0.00485071]",0.0
fake_4ff3871e97,25.991621621621622,2.9473023023023024,0.9279279279279279,1.0,111.0,0.1178343949044586,"[0.         0.09168791 0.97418404 0.2062978  0.         0.
 0.        ]",0.0
fake_50d91abc0d,35.82590570719603,3.777967328370554,0.8064516129032258,3.0,403.0,0.2448359659781288,"[0.         0.15282818 0.002939   0.98750519 0.03820705 0.002939
 0.        ]",0.0
fake_50de1d8cc2,79.63563176895306,4.637062775772161,0.8592057761732852,1.0,277.0,0.3206018518518518,[0. 0. 0. 1. 0. 0. 0.],0.0
fake_52d99a6b3e,27.941111111111113,1.3554320987654322,0.8333333333333334,2.0,18.0,0.0514285714285714,"[0.         0.4472136  0.         0.89442719 0.         0.
 0.        ]",0.0
fake_53d2ac4286,40.65178403755869,2.5292518692401322,0.9280125195618153,13.0,639.0,0.7029702970297029,"[0.00184395 0.14936034 0.01290768 0.98835978 0.02581537 0.
 0.        ]",1.0
fake_5443151115,17.721521739130434,1.0589190821256038,0.8478260869565217,8.0,46.0,0.0441458733205374,"[0.         0.26764386 0.         0.96351791 0.         0.
 0.        ]",0.0
fake_5606d801c3,50.42393548387097,2.133543010752688,0.9483870967741935,13.0,155.0,0.079405737704918,"[0.         0.73328485 0.02065591 0.6506612  0.19623116 0.
 0.        ]",0.0
fake_57002e90e3,70.2042662116041,4.330089590443686,0.9948805460750854,7.0,586.0,0.2801147227533461,"[0.         0.69283521 0.11981361 0.71106771 0.00260464 0.
 0.        ]",1.0
fake_57152fb02b,36.037961328125,3.817135416666667,0.953125,11.0,256.0,0.1172698121850664,"[0.01067856 0.18153547 0.13348197 0.97174872 0.06941062 0.
 0.        ]",0.0
fake_5719566396,16.59872727272727,0.9241313131313131,0.9090909090909091,2.0,55.0,0.0743243243243243,"[0.         0.09950372 0.         0.99503719 0.         0.
 0.        ]",0.0
fake_57428c61ab,39.865974025974026,3.4124891774891775,0.6103896103896104,2.0,154.0,0.1818181818181818,"[0.00931776 0.77337398 0.         0.6336076  0.01863552 0.
 0.        ]",0.0
fake_577be618c1,25.57419011406844,3.805912970004225,0.7961977186311787,1.0,1315.0,0.520379897111199,"[0.00000000e+00 4.62372493e-02 6.13694399e-02 9.97043230e-01
 8.40677259e-04 0.00000000e+00 0.00000000e+00]",0.0
fake_588ef654a5,16.602961876832843,1.159153633105246,0.9208211143695014,16.0,341.0,0.2575528700906344,"[0.         0.09254979 0.         0.99570806 0.         0.
 0.        ]",0.0
fake_59066d1318,36.71643312101911,2.894755838641189,0.9872611464968153,2.0,157.0,0.4757575757575757,"[0.         0.99991676 0.         0.01290215 0.         0.
 0.        ]",0.0
fake_5992b94be2,15.670254237288136,1.6971563088512243,0.8305084745762712,3.0,118.0,0.1480552070263488,"[0.         0.29706655 0.         0.95485678 0.         0.
 0.        ]",0.0
fake_59bc29aadf,23.00092783505155,2.9345475372279495,0.6907216494845361,4.0,97.0,0.0516232038318254,"[0.01563837 0.90702538 0.28149063 0.31276737 0.         0.
 0.        ]",0.0
fake_5cb039410a,41.01074074074074,2.004855967078189,0.7037037037037037,1.0,27.0,0.0315052508751458,"[0.         0.08297398 0.04148699 0.99568778 0.         0.
 0.        ]",0.0
fake_5d683733d4,8.960014684287813,3.8068881546744984,0.9706314243759178,3.0,681.0,0.3922811059907834,"[0.         0.20917195 0.         0.97787888 0.         0.
 0.        ]",0.0
fake_5e732ec2e2,24.201428571428572,2.1834920634920634,0.8928571428571429,4.0,28.0,0.0335731414868105,"[0.         0.56577895 0.         0.8229512  0.05143445 0.
 0.        ]",0.0
fake_6061ec9628,32.7670632,2.876193333333333,0.728,6.0,125.0,0.067604110329908,"[0.01241207 0.59577933 0.11170862 0.79437244 0.03723621 0.
 0.        ]",0.0
fake_61c0534229,28.33090988372093,5.155306847545219,0.6802325581395349,8.0,172.0,0.1669902912621359,"[0.008349   0.75141022 0.         0.65957119 0.016698   0.
 0.        ]",0.0
fake_61d32bf6c5,78.00727272727272,16.21610900673401,0.9848484848484849,2.0,132.0,0.2118780096308186,"[0.         0.95856322 0.00949072 0.28472175 0.         0.
 0.        ]",1.0
fake_64ca8b3b64,46.515307692307694,3.8303354700854704,0.9615384615384616,3.0,130.0,0.0805951642901425,"[0.02732472 0.99279802 0.03643296 0.10929887 0.01821648 0.
 0.        ]",1.0
fake_68308bba0a,17.884941176470587,0.9042924836601307,0.8,2.0,170.0,0.1064495929868503,"[0.06760996 0.20282987 0.02253665 0.97658825 0.00751222 0.
 0.        ]",0.0
fake_68556afe9b,31.377708333333334,2.6337789351851852,0.8333333333333334,3.0,48.0,0.0349854227405247,"[0.0579771  0.43482828 0.         0.89864511 0.         0.
 0.        ]",0.0
fake_68dcb411ac,28.05043076923077,1.4698504273504274,0.7692307692307693,4.0,13.0,0.0065524193548387,"[0.         0.52981294 0.26490647 0.79471941 0.13245324 0.
 0.        ]",0.0
fake_695c8fa267,14.565714285714284,0.901626984126984,0.8571428571428571,1.0,14.0,0.0404624277456647,"[0.08276059 0.99312707 0.         0.08276059 0.         0.
 0.        ]",0.0
fake_6965ac303e,19.538888888888888,1.6248842592592594,0.6388888888888888,3.0,36.0,0.0442260442260442,"[0.         0.99959209 0.         0.02855977 0.         0.
 0.        ]",0.0
fake_69eb5c2e45,26.193410404624277,3.4349245343609507,0.8005780346820809,11.0,346.0,0.2570579494799405,"[0.56357763 0.14438766 0.06054966 0.81043395 0.03260366 0.
 0.        ]",0.0
fake_69f2536f14,27.733933333333333,1.9515407407407406,0.66,8.0,150.0,0.1577287066246056,"[0.02228559 0.66856777 0.67971057 0.3008555  0.         0.
 0.        ]",0.0
fake_6d21c0511e,22.752,2.1020709401709405,0.8646153846153846,10.0,325.0,0.1639757820383451,"[0.00383131 0.13409568 0.11110785 0.98464542 0.01149392 0.
 0.        ]",0.0
fake_6e015c7cc8,46.673680555555556,2.1803549382716048,0.9444444444444444,1.0,144.0,0.1194029850746268,"[0.         0.93278649 0.0388661  0.34979493 0.07773221 0.
 0.        ]",0.0
fake_6e03a1bfc8,25.695125,2.102284722222222,0.8875,3.0,80.0,0.0374882849109653,"[0.19391869 0.5171165  0.15082564 0.81876779 0.04309304 0.
 0.        ]",0.0
fake_6e59b27155,35.461639344262295,2.2347996357012754,0.5081967213114754,2.0,61.0,0.0453869047619047,"[0.         0.97959184 0.08163265 0.18367347 0.         0.
 0.        ]",0.0
fake_6ef2dfa550,9.586714285714287,4.555888888888889,0.9857142857142858,3.0,70.0,0.1790281329923273,"[0.         0.0447313  0.         0.99899905 0.         0.
 0.        ]",0.0
fake_703f665e6c,26.39863905325444,1.7188954635108482,0.8461538461538461,6.0,169.0,0.1640776699029126,"[0.00739889 0.24416327 0.         0.96925418 0.02959555 0.
 0.        ]",0.0
fake_7047370fa5,10.00360280373832,1.3349610591900312,0.9065420560747663,4.0,107.0,0.0941072999120492,"[0.         0.04896082 0.         0.9988007  0.         0.
 0.        ]",0.0
fake_7358c3ba17,24.222941176470584,1.9956773618538324,0.8288770053475936,2.0,187.0,0.3418647166361974,"[0.         0.05640722 0.         0.99840785 0.         0.
 0.        ]",0.0
fake_73af50b7c7,29.303461538461537,1.535181623931624,0.8076923076923077,3.0,52.0,0.0476190476190476,"[0.         0.47868278 0.02659349 0.87758509 0.         0.
 0.        ]",0.0
fake_73cce2d70c,13.742409638554216,1.6439357429718875,0.9759036144578314,6.0,83.0,0.0894396551724138,"[0.         0.99795174 0.         0.06397127 0.         0.
 0.        ]",0.0
fake_74688cc3b3,19.415925925925926,1.9207767489711935,0.8333333333333334,5.0,54.0,0.0352480417754569,"[0.         0.6495698  0.06495698 0.6495698  0.38974188 0.
 0.        ]",0.0
fake_74f63763ba,31.412921348314608,2.0331101747815232,0.8876404494382022,16.0,178.0,0.082483781278962,"[0.03454958 0.57006808 0.12092353 0.81191515 0.         0.
 0.        ]",0.0
fake_76bb767e34,20.943305084745763,2.0144161958568736,0.711864406779661,4.0,118.0,0.1234309623430962,"[0.         0.12287137 0.         0.9924226  0.         0.
 0.        ]",0.0
fake_76cb5688f1,16.479056603773586,1.5838364779874212,0.9622641509433962,2.0,53.0,0.0647921760391198,"[0.         0.24715856 0.96391839 0.09886342 0.         0.
 0.        ]",0.0
fake_770674bcf4,13.606071428571427,1.502767857142857,0.8928571428571429,5.0,28.0,0.0195530726256983,"[0.         0.54325128 0.         0.83957016 0.         0.
 0.        ]",0.0
fake_77d86801f0,11.348851674641148,3.6792743221690594,0.9043062200956937,3.0,209.0,0.2619047619047619,"[0.         0.02450245 0.         0.99969977 0.         0.
 0.        ]",0.0
fake_7886597a24,39.224738461538465,9.694206837606837,0.9784615384615385,6.0,650.0,0.3733486502010339,"[0.01592976 0.78283377 0.         0.61898485 0.06144335 0.
 0.        ]",0.0
fake_796c347f94,34.25721518987342,6.885900140646976,0.9367088607594937,7.0,79.0,0.4514285714285714,[0. 0. 0. 1. 0. 0. 0.],0.0
fake_7a8feaa546,16.140097087378642,1.0957092772384034,0.5436893203883495,2.0,103.0,0.2244008714596949,"[0.         0.80162748 0.         0.59782388 0.         0.
 0.        ]",0.0
fake_7b6d5c5995,16.989810426540284,1.401873354397051,0.909952606635071,2.0,211.0,0.3878676470588235,"[0.15037275 0.56191922 0.00791436 0.79934988 0.15037275 0.
 0.        ]",1.0
fake_7baf9c2e97,35.83566229508197,1.8156466302367942,0.6721311475409836,6.0,61.0,0.0598039215686274,"[0.         0.29109867 0.02079276 0.95646705 0.         0.
 0.        ]",0.0
fake_7beda0cc31,34.01921568627451,1.8811310820624545,0.45751633986928103,1.0,153.0,0.0675496688741721,"[0.         0.96608473 0.03302854 0.25597117 0.00825713 0.
 0.        ]",0.0
fake_7cc20253eb,36.25126373626373,3.3361324786324786,0.9945054945054945,1.0,182.0,0.2087155963302752,"[0.         0.99947195 0.02297637 0.02297637 0.         0.
 0.        ]",1.0
fake_7ce314674e,40.300895652173914,3.156213768115942,0.9492753623188406,5.0,276.0,0.2522851919561243,"[0.         0.07040818 0.0117347  0.99744924 0.         0.
 0.        ]",0.0
fake_7f7916179f,37.4166796875,4.911360677083334,0.88671875,7.0,256.0,0.1807909604519774,"[0.00471919 0.98159083 0.00471919 0.18876747 0.02831512 0.
 0.        ]",0.0
fake_82b4538e60,42.542613065326634,6.360062814070352,0.864321608040201,2.0,199.0,0.32569558101472984,"[0.         0.12201316 0.17980887 0.9761053  0.         0.
 0.        ]",0.0
fake_835dae552c,38.29925,3.004138888888889,0.9857142857142858,7.0,280.0,0.1545253863134658,"[0.00459694 0.25283148 0.0643571  0.96535655 0.         0.
 0.        ]",1.0
fake_8464df6fb7,30.397032967032967,2.4217094017094016,0.7142857142857143,3.0,182.0,0.10011001100110012,"[0.         0.9482731  0.00735095 0.30874008 0.07350954 0.
 0.        ]",0.0
fake_87f457ddef,40.12155602564103,1.4911603211603213,0.9277389277389277,20.0,429.0,0.16103603603603597,"[0.02090262 0.88487778 0.04180525 0.45637397 0.08012673 0.01045131
 0.        ]",0.0
fake_88853a3ddd,17.8868,2.295866666666667,0.8,2.0,25.0,0.0606796116504854,"[0.         0.22325823 0.94884747 0.22325823 0.         0.
 0.        ]",0.0
fake_88e84dd2ab,12.463762376237623,0.7758498349834984,0.9603960396039604,2.0,101.0,0.0526864893062076,"[0.         0.94992579 0.         0.31247559 0.         0.
 0.        ]",0.0
fake_8995cea073,32.87514134275619,3.6788628778955634,0.8851590106007067,10.0,566.0,0.4304182509505703,"[0.01156348 0.35615529 0.00693809 0.93432947 0.         0.
 0.        ]",0.0
fake_8bd68a2489,22.130588235294116,1.030343137254902,0.9411764705882353,1.0,17.0,0.0213299874529485,"[0.         0.98270763 0.07559289 0.07559289 0.15118579 0.
 0.        ]",0.0
fake_8dee112f72,29.21385542168675,2.1147925033467203,0.6987951807228916,6.0,83.0,0.0334004024144869,"[0.0474401  0.17394702 0.0474401  0.98042864 0.06325346 0.
 0.        ]",0.0
fake_8eb9c9d6b6,16.838862275449102,0.9620409181636727,0.7305389221556886,10.0,167.0,0.1492403932082216,"[0.01952079 0.56610292 0.26353067 0.78083161 0.         0.
 0.        ]",0.0
fake_8eef76eeac,29.369073170731706,2.4244647696476966,0.9951219512195122,1.0,205.0,0.2641752577319587,"[0.         0.13756837 0.         0.99049227 0.         0.
 0.        ]",1.0
fake_90187934b0,12.122666666666667,1.7687962962962964,0.6,3.0,15.0,0.0123864574731626,[0. 1. 0. 0. 0. 0. 0.],0.0
fake_90ce92f6ac,13.610000000000001,10.993371212121211,0.6363636363636364,4.0,22.0,0.0509259259259259,"[0.         0.15596257 0.         0.98776297 0.         0.
 0.        ]",0.0
fake_90fc35ed54,41.609133192389,6.57972339675828,0.879492600422833,5.0,473.0,0.6331994645247657,"[0.         0.98434223 0.0049589  0.17604105 0.00743835 0.
 0.        ]",1.0
fake_90ff6b46e3,10.606666666666667,1.2925205761316871,1.0,2.0,27.0,0.0347043701799485,"[0.         0.99926117 0.         0.03843312 0.         0.
 0.        ]",0.0
fake_9149411233,18.71,1.3377510683760683,0.7884615384615384,4.0,52.0,0.054393305439330505,"[0.         0.51035454 0.02686077 0.85954449 0.         0.
 0.        ]",0.0
fake_92164957dc,20.257247706422017,0.9998394495412845,0.908256880733945,3.0,109.0,0.0654261704681872,"[0.         0.37554812 0.11654942 0.9194454  0.         0.
 0.        ]",0.0
fake_93048f4a5d,26.876279069767442,1.5184431524547803,0.8604651162790697,1.0,43.0,0.0848126232741617,"[0.         0.19086966 0.         0.98161539 0.         0.
 0.        ]",0.0
fake_974a355d9e,19.661798780487803,0.9726312669376694,0.9390243902439024,3.0,328.0,0.3303121852970795,"[0.         0.30351857 0.         0.95281778 0.00384201 0.
 0.        ]",0.0
fake_98cd87317c,33.89948979591837,5.202552437641724,0.9285714285714286,7.0,196.0,0.1243654822335025,"[0.         0.37941026 0.         0.92522854 0.         0.
 0.        ]",0.0
fake_9937b70a6a,35.756203658536585,3.8526033197831975,0.9329268292682927,4.0,164.0,0.1720881427072403,"[0.         0.22476599 0.05827266 0.96566129 0.11654533 0.
 0.        ]",0.0
fake_99ad9182fd,21.517442528735632,1.2917113665389528,0.978448275862069,6.0,696.0,0.5989672977624785,"[0.         0.03306159 0.0135252  0.9993618  0.         0.
 0.        ]",0.0
fake_99b2719b3f,24.795802469135804,0.9249108367626886,0.8641975308641975,1.0,81.0,0.1372881355932203,"[0.         0.14535559 0.04360668 0.98841803 0.         0.
 0.        ]",0.0
fake_99c739c331,35.34797250859106,2.5123997709049255,0.8694158075601375,3.0,291.0,0.3344827586206896,"[0.         0.15798927 0.00394973 0.98743293 0.         0.
 0.        ]",0.0
fake_9ad34bc6d8,10.97352380952381,1.222834656084656,0.9476190476190476,2.0,210.0,0.18850987432675043,"[0.         0.13991442 0.         0.9901636  0.         0.
 0.        ]",0.0
fake_9bc39b80c7,28.62748251748252,1.8179260554260555,0.958041958041958,3.0,429.0,0.1807076663858466,"[0.         0.8740105  0.07600091 0.476733   0.05527339 0.
 0.        ]",1.0
fake_9be22e6d89,24.21875,13.659895833333334,0.375,1.0,8.0,0.0571428571428571,[0. 1. 0. 0. 0. 0. 0.],0.0
fake_9bf2f16b1a,19.468999999999998,1.5560462962962964,0.9,3.0,30.0,0.08,"[0.         0.3939193  0.         0.91914503 0.         0.
 0.        ]",0.0
fake_9da446ed31,17.04942857142857,1.7918783068783068,0.8857142857142857,5.0,105.0,0.1324085750315258,"[0.         0.96662044 0.         0.25621265 0.         0.
 0.        ]",0.0
fake_9e1108c4ae,51.86334841628959,3.48815987933635,0.9728506787330317,1.0,221.0,0.3152639087018545,"[0.         0.24243538 0.00563803 0.96974152 0.02819016 0.
 0.        ]",1.0
fake_9e1bddf5c7,48.92075,2.766685185185185,0.875,4.0,120.0,0.162381596752368,"[0.         0.41196432 0.         0.90632151 0.09416327 0.
 0.        ]",1.0
fake_9e543fc290,18.35290322580645,3.6242741935483873,0.967741935483871,3.0,93.0,0.1203104786545925,"[0.         0.99944491 0.         0.03331483 0.         0.
 0.        ]",0.0
fake_9ea772fb49,24.353735294117648,1.1244726678550208,0.5989304812834224,9.0,187.0,0.12064516129032249,"[0.         0.3426866  0.23908367 0.90851796 0.         0.
 0.        ]",0.0
fake_a0151fa8e8,40.89989010989011,34.8183485958486,0.7582417582417582,2.0,91.0,0.2954545454545454,"[0.         0.08955224 0.94029851 0.32835821 0.         0.
 0.        ]",0.0
fake_a05e61c435,21.515684210526317,8.010426900584795,0.8842105263157894,1.0,95.0,0.0689404934687953,"[0.         0.07929498 0.         0.9968512  0.         0.
 0.        ]",0.0
fake_a0b6e1e18f,25.18713532513181,6.884964850615114,0.8488576449912126,10.0,569.0,0.3423586040914561,"[0.         0.0332284  0.25696628 0.96583879 0.00443045 0.
 0.        ]",0.0
fake_a111101e08,24.268982035928143,8.341340652029276,0.688622754491018,6.0,167.0,0.6653386454183267,"[0.         0.99904434 0.         0.04370819 0.         0.
 0.        ]",0.0
fake_a395b39df3,62.183062804878055,6.106172086720867,0.9817073170731707,3.0,164.0,0.1685508735868448,"[0.00652634 0.05221069 0.01305267 0.99852946 0.         0.
 0.        ]",0.0
fake_a739955a32,36.60983870967742,2.3507347670250898,0.7983870967741935,2.0,124.0,0.133764832793959,"[0.         0.22413705 0.         0.97450891 0.00974509 0.
 0.        ]",0.0
fake_a788e9cd5f,16.258611111111108,1.1906442901234568,0.9826388888888888,3.0,288.0,0.2787996127783156,"[0.         0.22971999 0.02650615 0.97189225 0.04417692 0.
 0.        ]",1.0
fake_a7af9b667a,25.26466926070039,4.667555123216602,0.7354085603112841,5.0,257.0,0.2577733199598796,"[0.         0.54431374 0.79457293 0.26902863 0.         0.
 0.        ]",0.0
fake_a7dc43bdf5,26.94571428571429,2.0997433862433863,0.8,3.0,105.0,0.1004784688995215,"[0.         0.56376365 0.02750067 0.82501998 0.02750067 0.
 0.        ]",0.0
fake_a82f7d5f2a,29.848205128205127,6.207863247863249,0.8717948717948718,4.0,78.0,0.1328790459965928,"[0.         0.67719918 0.05643326 0.73363244 0.         0.
 0.        ]",0.0
fake_a8484a31fe,13.734828767123288,3.0038879375951293,0.8698630136986302,5.0,292.0,0.3463819691577698,"[0.         0.00343641 0.         0.9999941  0.         0.
 0.        ]",0.0
fake_a8ea22b97e,12.939,2.2918809523809522,0.4857142857142857,3.0,70.0,0.0478468899521531,"[0.01449123 0.999895   0.         0.         0.         0.
 0.        ]",0.0
fake_ac653c0519,15.281188118811881,1.6386083608360835,0.8613861386138614,5.0,101.0,0.0547425474254742,"[0.         0.17574237 0.02343232 0.98415728 0.         0.
 0.        ]",0.0
fake_ac74cfafc0,21.92100346020761,2.7276845444059976,0.7820069204152249,4.0,289.0,0.4110953058321479,"[0.         0.16787687 0.65526134 0.73649209 0.00541538 0.
 0.        ]",0.0
fake_ac99887604,42.448680555555555,2.9543113425925926,0.8541666666666666,7.0,144.0,0.0872198667474258,"[0.         0.41629193 0.07107423 0.90365809 0.07107423 0.
 0.        ]",0.0
fake_acd3e80f12,27.80469387755102,2.0697052154195013,0.826530612244898,3.0,98.0,0.12204234122042339,"[0.         0.2221376  0.         0.97493722 0.01234098 0.
 0.        ]",0.0
fake_adc157b4ed,68.70090707964602,6.050565388397247,0.48672566371681414,2.0,113.0,0.1573816155988858,"[0.         0.16604623 0.98589951 0.02075578 0.         0.
 0.        ]",0.0
fake_ade3f3f432,18.91763413361169,1.323180526559963,0.9686847599164927,11.0,958.0,0.5406320541760722,"[0.         0.06497298 0.04988997 0.9966391  0.         0.
 0.        ]",0.0
fake_ae4dedc219,35.749066666666664,0.4560925925925926,0.49333333333333335,3.0,75.0,0.0771604938271604,"[0.         0.99962491 0.         0.         0.02738698 0.
 0.        ]",0.0
fake_aeee25942d,43.935,2.425246913580247,0.6944444444444444,4.0,36.0,0.0256410256410256,"[0.         0.96956071 0.03462717 0.24239018 0.         0.
 0.        ]",0.0
fake_b0b09d8a89,44.05586538461539,2.422473290598291,0.7692307692307693,4.0,104.0,0.1035856573705179,"[0.         0.99740624 0.         0.07197777 0.         0.
 0.        ]",0.0
fake_b1754428cd,18.15179775280899,1.450330836454432,0.9550561797752809,4.0,89.0,0.1207598371777476,"[0.         0.95413005 0.0587157  0.29357848 0.         0.
 0.        ]",0.0
fake_b200f13386,11.71147186147186,1.8006000481000481,0.9696969696969697,14.0,231.0,0.2763157894736842,"[0.         0.33709862 0.18103444 0.92389991 0.         0.
 0.        ]",0.0
fake_b34ba1b319,36.86425575501584,1.8131646720638275,0.9461457233368532,14.0,947.0,0.4153508771929824,"[0.         0.24563829 0.11075021 0.96267493 0.02555774 0.
 0.        ]",1.0
fake_b34f71b684,19.348447204968945,1.2918547273982057,0.7950310559006211,5.0,322.0,0.1956257594167679,"[0.00722394 0.16615054 0.00361197 0.98606732 0.         0.
 0.        ]",0.0
fake_b37efc51cb,13.445,1.3539351851851853,0.3333333333333333,2.0,6.0,0.005571030640668499,"[0.         0.89442719 0.         0.         0.4472136  0.
 0.        ]",0.0
fake_b4c70dbc62,26.24340720221607,5.710719067405356,0.7867036011080333,4.0,722.0,0.2878787878787879,"[0.         0.97384121 0.02524774 0.10099094 0.20198188 0.
 0.        ]",0.0
fake_b8218bc357,23.655131894484413,1.4135837996269651,0.8177458033573142,4.0,417.0,0.2586848635235732,"[0.00849007 0.17263145 0.01415012 0.98484825 0.         0.
 0.        ]",0.0
fake_b847f2409d,55.14199645645646,3.4342157157157156,0.9375375375375375,13.0,1665.0,0.6013001083423619,"[0.         0.06231815 0.22647326 0.97201107 0.00455986 0.
 0.        ]",1.0
fake_ba711df71c,25.32312101910828,3.5220771408351026,0.8407643312101911,10.0,157.0,0.0725843735552473,"[0.41510975 0.26685627 0.         0.86975377 0.         0.
 0.        ]",0.0
fake_bbf150fdee,24.54858778625954,1.6818150975402886,0.9389312977099237,5.0,262.0,0.2583826429980276,"[0.         0.21202885 0.00921865 0.97717644 0.00921865 0.
 0.        ]",0.0
fake_bcd016dbea,41.01447647058824,3.770653594771242,0.5294117647058824,1.0,34.0,0.0182894029047875,"[0.         0.87789557 0.         0.47885213 0.         0.
 0.        ]",0.0
fake_bd28523135,29.313024745762714,2.4111431261770244,0.7898305084745763,4.0,295.0,0.12070376432078558,"[0.         0.10878375 0.00375116 0.99405836 0.         0.
 0.        ]",0.0
fake_bdbd8ad11c,72.54677219796216,8.724016389023667,0.8918000970402717,9.0,2061.0,0.8361054766734279,"[0.         0.01829796 0.13363056 0.99086228 0.         0.
 0.        ]",1.0
fake_be4166eac6,17.673568773234198,2.1407331681123503,0.8996282527881041,3.0,269.0,0.1818796484110885,"[0.         0.08437546 0.         0.99643403 0.         0.
 0.        ]",0.0
fake_be758135b4,63.904169741697416,5.765619106191062,0.8339483394833949,3.0,271.0,0.1603550295857988,"[0.01157663 0.03087101 0.00385888 0.99944888 0.         0.
 0.        ]",0.0
fake_bf585051a1,19.000725,1.2147361111111112,0.9,1.0,20.0,0.0520833333333333,"[0.         0.24253563 0.         0.9701425  0.         0.
 0.        ]",0.0
fake_bf5d9b530e,14.685053003533568,1.201817334118571,0.784452296819788,6.0,566.0,0.23821548821548824,"[0.         0.94668842 0.06503966 0.31315393 0.03854202 0.
 0.        ]",1.0
fake_c0c8628234,27.063665740740742,1.1423109567901235,0.8842592592592593,20.0,648.0,0.6022304832713755,"[0.         0.27481859 0.03985918 0.95662043 0.08810978 0.
 0.        ]",0.0
fake_c1b8238a45,14.965555555555556,1.0294444444444446,0.9444444444444444,3.0,18.0,0.0369609856262833,"[0.         0.27160724 0.63375022 0.72428597 0.         0.
 0.        ]",0.0
fake_c28849a708,30.26659031762295,4.065622865437159,0.90625,22.0,1952.0,1.0978627671541057,"[0.00334698 0.13722635 0.17605137 0.97464178 0.01539613 0.
 0.        ]",1.0
fake_c3cae2c66c,23.168,1.7798888888888889,0.8333333333333334,1.0,30.0,0.077720207253886,[0. 0. 0. 1. 0. 0. 0.],0.0
fake_c43fede4de,48.86411764705882,3.5630392156862745,0.5294117647058824,3.0,17.0,0.025,"[0.         0.70436073 0.         0.70436073 0.08804509 0.
 0.        ]",0.0
fake_c4ee7f21c9,25.34310924369748,2.153513071895425,0.8739495798319328,5.0,119.0,0.2564655172413793,"[0.         0.76919037 0.         0.63901969 0.         0.
 0.        ]",0.0
fake_c5246e31b1,19.314196185286104,0.8021821071752951,0.9019073569482289,6.0,367.0,0.3244916003536693,"[0.         0.15288533 0.11211591 0.98186358 0.         0.
 0.        ]",0.0
fake_c64bcd429a,7.225714285714286,0.937079365079365,0.8571428571428571,1.0,35.0,0.0897435897435897,"[0.         0.06049506 0.         0.9981685  0.         0.
 0.        ]",0.0
fake_c66fd0c84a,27.709956216216217,1.8668378378378379,0.9297297297297298,11.0,370.0,0.3035274815422477,"[0.02311937 0.3121115  0.0809178  0.94404096 0.06550488 0.
 0.        ]",0.0
fake_c6a7eb1142,49.81144542772862,2.865965257292691,0.9793510324483776,2.0,339.0,0.3040358744394619,"[0.         0.0565394  0.25631195 0.96493911 0.         0.
 0.        ]",1.0
fake_c70e46c897,43.47731182795699,6.976111111111111,0.9247311827956989,2.0,93.0,0.248663101604278,"[0.         0.08112705 0.         0.99670377 0.         0.
 0.        ]",0.0
fake_c7174b7204,36.37473053892216,1.5550690286094477,0.9700598802395209,2.0,334.0,0.3674367436743674,"[0.01103463 0.98208236 0.01471284 0.18391055 0.03678211 0.
 0.        ]",1.0
fake_c7e9320d13,16.901857142857143,2.083773809523809,1.0,2.0,420.0,0.6140350877192983,"[0.00487706 0.9997978  0.         0.01950825 0.         0.
 0.        ]",0.0
fake_c807db70c9,20.206666666666667,0.941005291005291,1.0,1.0,21.0,0.0755395683453237,"[0.         0.4472136  0.         0.89442719 0.         0.
 0.        ]",1.0
fake_c8314dbce6,48.562696629213484,2.563876404494382,0.9662921348314607,2.0,89.0,0.1375579598145286,"[0.         0.69719748 0.06639976 0.71379742 0.         0.
 0.        ]",1.0
fake_c87db97f74,31.19847222222222,3.8907175925925923,0.9166666666666666,3.0,72.0,0.077502691065662,"[0.         0.90842415 0.         0.22710604 0.35098206 0.
 0.        ]",0.0
fake_c8f3930a70,36.74956349206349,2.344791666666667,0.6865079365079365,10.0,252.0,0.1092801387684301,"[0.         0.27065714 0.02506085 0.9623365  0.00501217 0.
 0.        ]",0.0
fake_c9808e00b6,52.092340425531916,3.6817510208467654,0.769825918762089,6.0,517.0,0.4738771769019248,"[0.00315567 0.65006873 0.07889184 0.73842758 0.16093935 0.
 0.        ]",0.0
fake_c9c716cee4,73.14551867219917,4.242384739511296,0.9294605809128631,5.0,241.0,0.20615911035072707,"[0.05438552 0.13843586 0.00988828 0.98882756 0.         0.
 0.        ]",0.0
fake_c9ea152318,34.39061253561253,12.930034029756253,0.8091168091168092,7.0,351.0,0.1281489594742606,"[0.         0.34893447 0.09912911 0.93181364 0.01189549 0.
 0.        ]",0.0
fake_cc3d7fecf1,50.63502876869965,3.787465157908196,0.8998849252013809,4.0,869.0,0.6093969144460027,"[0.         0.1789753  0.15491139 0.97158018 0.00150399 0.
 0.        ]",1.0
fake_cc5c1d6f20,18.05997076023392,6.520008122157245,0.9312865497076024,3.0,684.0,0.742671009771987,"[0.         0.99999893 0.         0.00146413 0.         0.
 0.        ]",0.0
fake_cd278719ba,20.666363636363634,1.8574494949494949,1.0,1.0,11.0,0.007422402159244199,"[0.         0.35112344 0.         0.93632918 0.         0.
 0.        ]",1.0
fake_cd5d8e97c5,21.964750566893425,1.7132379062736205,1.0,1.0,882.0,1.2049180327868851,"[0.00149382 0.27635591 0.08215986 0.95753587 0.         0.
 0.        ]",1.0
fake_cdb410dc01,23.42939393939394,8.928265993265994,0.7575757575757576,5.0,33.0,0.0261282660332541,"[0.         0.99792531 0.         0.06438228 0.         0.
 0.        ]",0.0
fake_cdb48c127d,11.386493506493506,1.602478354978355,0.5584415584415584,14.0,77.0,0.1090651558073654,"[0.         0.78441559 0.         0.         0.62023558 0.
 0.        ]",0.0
fake_cef59702cd,20.665842696629213,1.4022893258426965,0.9662921348314607,2.0,178.0,0.2323759791122715,"[0.         0.05941864 0.         0.99823315 0.         0.
 0.        ]",0.0
fake_d035a72275,17.978230275229357,1.0725959904858988,0.8073394495412844,3.0,327.0,0.20361145703611447,"[0.00519097 0.49314232 0.46199649 0.737118   0.         0.
 0.        ]",0.0
fake_d15a9bff23,18.24720430107527,0.8245430107526881,0.7849462365591398,6.0,279.0,0.1060030395136778,"[0.         0.94978143 0.01410566 0.31032463 0.03761511 0.
 0.        ]",0.0
fake_d1667c64b0,33.408115942028985,1.7440821256038648,0.9420289855072463,5.0,69.0,0.260377358490566,"[0.         0.11399079 0.0162844  0.99334834 0.         0.
 0.        ]",0.0
fake_d1837e9574,77.12466666666667,13.726324074074075,0.8,2.0,30.0,0.0925925925925925,"[0.         0.03566882 0.03566882 0.99872693 0.         0.
 0.        ]",0.0
fake_d21dbd1fb5,15.145232558139535,1.3263953488372093,1.0,2.0,172.0,0.2574850299401197,"[0.01299085 0.11042221 0.         0.99379987 0.         0.
 0.        ]",1.0
fake_d317e5c7a5,28.74863613231552,2.9639844500989536,0.8681933842239186,6.0,1965.0,1.2342964824120604,"[0.         0.68629806 0.12435752 0.7166102  0.         0.
 0.        ]",1.0
fake_d418b2f74a,13.082957746478874,2.001113067292645,0.9049295774647887,6.0,284.0,0.1222030981067125,"[0.00779125 0.99727982 0.03116499 0.06622561 0.00389562 0.
 0.        ]",0.0
fake_d425b1df3e,21.689986394557824,2.0009210128495845,0.9891156462585035,2.0,735.0,0.539647577092511,"[0.         0.0647486  0.17266293 0.98285051 0.         0.
 0.        ]",1.0
fake_d754afe95f,20.37472727272727,1.1524646464646464,0.6,5.0,55.0,0.1141078838174273,"[0.         0.90840294 0.02455143 0.41737432 0.         0.
 0.        ]",0.0
fake_d75689d1f1,28.193057851239672,1.151643709825528,0.9173553719008265,5.0,121.0,0.0743243243243243,"[0.         0.99992939 0.00840277 0.00840277 0.         0.
 0.        ]",0.0
fake_d8399a586a,10.960816326530614,1.3901814058956916,0.8775510204081632,1.0,49.0,0.0719530102790014,"[0.         0.99909584 0.         0.04251472 0.         0.
 0.        ]",0.0
fake_d85c659c83,30.52042045454545,2.812283249158249,0.8560606060606061,4.0,132.0,0.0643274853801169,"[0.         0.66439082 0.07882603 0.74321685 0.         0.
 0.        ]",0.0
fake_da4be66824,21.312788732394367,0.9755892018779342,0.9014084507042254,2.0,355.0,0.2164634146341463,"[0.         0.44796387 0.18521583 0.87439101 0.02153672 0.
 0.        ]",0.0
fake_db65cd0ebe,15.724383561643833,1.0453158295281584,0.9863013698630136,6.0,73.0,0.1075110456553755,"[0.         0.04281784 0.         0.9990829  0.         0.
 0.        ]",0.0
fake_dba99e1986,34.700175438596496,2.02004873294347,0.8596491228070176,4.0,57.0,0.0757978723404255,"[0.         0.46619626 0.04907329 0.88331923 0.         0.
 0.        ]",0.0
fake_dc532a7643,39.59,1.3126851851851853,0.8333333333333334,1.0,12.0,0.0120724346076458,"[0.         0.97049496 0.         0.21566555 0.10783277 0.
 0.        ]",0.0
fake_dc6fc52690,24.710548245614035,1.5052436647173488,0.8947368421052632,16.0,456.0,0.2247412518482011,"[0.00372559 0.6743318  0.20118186 0.70041093 0.11921888 0.
 0.        ]",0.0
fake_dcd5d5ab36,42.574074074074076,7.375327748383304,0.9894179894179894,8.0,189.0,0.1396895787139689,"[0.         0.87181548 0.22206621 0.43590774 0.02467402 0.
 0.        ]",1.0
fake_dcec7e9cf0,68.18560747663552,4.375374697127033,0.897196261682243,7.0,321.0,0.370242214532872,"[0.         0.62843333 0.00439464 0.77785104 0.         0.
 0.        ]",0.0
fake_dd3c800bab,50.94519756838906,2.4722559945964204,0.993920972644377,6.0,329.0,0.3309859154929577,"[0.         0.34733507 0.09206472 0.93320144 0.00418476 0.
 0.        ]",1.0
fake_de0c0862a2,20.129113924050632,2.566545358649789,0.8481012658227848,2.0,158.0,0.1541463414634146,"[0.         0.19325648 0.         0.98114827 0.         0.
 0.        ]",0.0
fake_decc73ba80,15.9125,6.794953703703704,0.875,4.0,24.0,0.233009708737864,"[0.         0.2544933  0.         0.96707454 0.         0.
 0.        ]",0.0
fake_dfd7a15eb6,10.232641843971631,0.8454831560283689,0.9290780141843972,4.0,564.0,0.2684435982865302,"[0.         0.23047961 0.09910623 0.96801436 0.0023048  0.
 0.        ]",0.0
fake_dffb9b9414,19.632396396396395,1.2235588088088087,0.9765765765765766,11.0,1110.0,0.4363207547169811,"[0.00109794 0.09881451 0.12626298 0.98704712 0.00548969 0.
 0.        ]",1.0
fake_e00bde0afc,15.083829787234043,2.297027186761229,0.7659574468085106,6.0,47.0,0.0320163487738419,"[0.03277368 0.81934191 0.13109471 0.5571525  0.         0.
 0.        ]",0.0
fake_e1ea8dfecc,27.171607142857145,1.6168673687423687,0.9505494505494505,16.0,728.0,0.36291126620139585,"[0.         0.25694697 0.09427551 0.96124047 0.03327371 0.
 0.        ]",1.0
fake_e60c95a65c,13.847337057728119,3.75984585143803,0.8230912476722533,12.0,537.0,0.4408866995073892,"[0.01110325 0.20207907 0.         0.97930627 0.         0.
 0.        ]",0.0
fake_e60ca3a844,37.04536842105263,2.6918391812865496,0.9726315789473684,2.0,475.0,0.2112049799911071,"[0.00339753 0.77123937 0.08154073 0.61495298 0.14269627 0.
 0.        ]",1.0
fake_e62445a6b2,20.21529411764706,2.2797712418300655,0.7058823529411765,5.0,34.0,0.0257380772142316,"[0.         0.99535001 0.         0.09632419 0.         0.
 0.        ]",0.0
fake_e63880ba86,38.93310160427807,2.1019437017231137,0.9144385026737968,8.0,374.0,0.6938775510204082,"[0.         0.11805505 0.00605411 0.99287324 0.01513526 0.
 0.        ]",0.0
fake_e66bdb777d,29.223647058823527,14.893767973856209,0.7941176470588235,7.0,170.0,0.1778242677824267,"[0.         0.9717757  0.         0.23579851 0.00714541 0.
 0.        ]",0.0
fake_e688196178,38.38259131633356,4.231199364423003,0.881461061337009,9.0,1451.0,0.9938356164383563,"[0.00427716 0.14542333 0.10521806 0.98374607 0.00256629 0.
 0.        ]",0.0
fake_e6c7365078,8.973022388059702,9.961703980099502,0.7723880597014925,24.0,536.0,0.3709342560553633,"[0.         0.04221157 0.99619303 0.07387025 0.01899521 0.
 0.        ]",0.0
fake_e75dda039f,37.9044,1.816775,0.97,2.0,100.0,0.1371742112482853,"[0.         0.3084028  0.02570023 0.95090862 0.         0.
 0.        ]",0.0
fake_e764113cde,11.452026875699888,2.1733544855045417,0.9428891377379619,9.0,893.0,0.7860915492957746,"[0.         0.99999937 0.00112108 0.         0.         0.
 0.        ]",0.0
fake_ea19a50003,41.853792357606345,2.455637667227429,0.9307858687815429,4.0,1387.0,1.0452147701582517,"[9.11757366e-04 1.13057913e-01 1.56822267e-01 9.81050926e-01
 1.27646031e-02 0.00000000e+00 0.00000000e+00]",1.0
fake_ea5ec22a71,12.539103773584905,1.1282534067085954,0.8867924528301887,3.0,212.0,0.2981715893108298,"[0.         0.17619895 0.0454707  0.98330379 0.         0.
 0.        ]",0.0
fake_eae7e6addf,46.265956730769226,9.933923611111112,0.7980769230769231,4.0,104.0,0.0826709062003179,"[0.         0.19390934 0.01140643 0.98095314 0.         0.
 0.        ]",0.0
fake_eb996f50d4,37.9393288590604,2.1478187919463085,0.8859060402684564,10.0,149.0,0.146078431372549,"[0.         0.08725715 0.         0.99618582 0.         0.
 0.        ]",0.0
fake_ec5dde7379,17.840833333333332,0.7831712962962962,0.8125,14.0,48.0,0.0813559322033898,"[0.         0.73593101 0.         0.67705653 0.         0.
 0.        ]",0.0
fake_ecbb51cad8,63.54054,5.678672222222223,0.94,6.0,500.0,0.2927400468384075,"[0.         0.14953442 0.12418961 0.98084444 0.01267241 0.
 0.        ]",0.0
fake_ed359758f3,21.894751131221717,7.438920311714429,0.9411764705882353,8.0,221.0,0.10424528301886789,"[0.         0.13921947 0.43754689 0.88835278 0.         0.
 0.        ]",0.0
fake_ed423883aa,25.162615384615382,2.049863247863248,0.7692307692307693,4.0,65.0,0.0884353741496598,"[0.         0.01951057 0.29265855 0.95601794 0.         0.
 0.        ]",0.0
fake_ee918323d0,20.32827160493827,2.4111745541838134,0.6604938271604939,6.0,162.0,0.1857798165137614,"[0.0066079  0.99779252 0.         0.06607897 0.         0.
 0.        ]",0.0
fake_efa0218a6c,35.359212962962964,8.73687757201646,0.8333333333333334,10.0,216.0,0.147239263803681,"[0.         0.0226739  0.22107053 0.97497773 0.00566848 0.
 0.        ]",0.0
fake_f11103f195,28.51474358974359,1.8331695156695158,0.6666666666666666,14.0,117.0,0.0712111990261716,"[0.11674777 0.55038234 0.13342602 0.53370409 0.61709535 0.
 0.        ]",0.0
fake_f1de7c7814,34.624833333333335,4.62775925925926,0.7222222222222222,13.0,180.0,0.1584507042253521,"[0.         0.88950541 0.03971006 0.45269472 0.04765208 0.
 0.        ]",0.0
fake_f1e0aca97f,24.33331550802139,2.1593790849673202,0.49732620320855614,2.0,187.0,0.2236842105263158,"[0.         0.25481489 0.         0.96698985 0.         0.
 0.        ]",0.0
fake_f21ec6b832,18.212070707070705,3.1203493265993267,0.9494949494949495,10.0,198.0,0.1229813664596273,[0.        0.5611583 0.        0.8277085 0.        0.        0.       ],0.0
fake_f32f2f5a8d,26.5378125,1.2888194444444445,0.875,1.0,32.0,0.1081081081081081,"[0.         0.36439935 0.         0.93124278 0.         0.
 0.        ]",0.0
fake_f37b6e7442,22.267867528271406,1.5101314844731646,0.9579967689822294,7.0,619.0,0.5327022375215146,"[0.         0.21005644 0.06463275 0.97555056 0.         0.
 0.        ]",1.0
fake_f480e7afa3,36.462841194968554,1.903282669461915,0.9748427672955975,10.0,318.0,0.2925482980680772,"[0.         0.08312734 0.07228464 0.99391387 0.         0.
 0.        ]",0.0
fake_f549a7c012,24.888426229508198,1.433898907103825,1.0,8.0,305.0,0.7780612244897959,"[0.         0.27847376 0.00415632 0.96011103 0.02493795 0.
 0.        ]",1.0
fake_f594f1539e,30.35748031496063,3.8900240594925637,0.9212598425196851,6.0,127.0,0.2148900169204737,"[0.         0.41191701 0.88441004 0.21807371 0.02423041 0.
 0.        ]",0.0
fake_f6ab7aad12,33.643228378378375,1.4159784784784786,0.9414414414414415,10.0,222.0,0.4014466546112116,"[0.         0.07743668 0.         0.99699727 0.         0.
 0.        ]",0.0
fake_f6adf105e7,24.151635220125787,13.28305031446541,0.9308176100628931,1.0,159.0,0.2492163009404388,"[0.         0.05989229 0.         0.99820485 0.         0.
 0.        ]",1.0
fake_f78d5f4769,33.72784842105263,2.0957280701754386,0.8526315789473684,14.0,95.0,0.0406330196749358,"[0.         0.48737018 0.06498269 0.86102065 0.12996538 0.
 0.        ]",0.0
fake_f7f6098b3e,54.76492957746479,2.9038595461658843,0.9577464788732394,3.0,142.0,0.1023054755043227,"[0.         0.0877058  0.03898036 0.94527364 0.31184285 0.
 0.        ]",0.0
fake_f80e957850,20.948061224489795,1.8965617913832198,0.6632653061224489,7.0,98.0,0.046979865771812,"[0.         0.2732245  0.72859866 0.60109389 0.18214966 0.
 0.        ]",0.0
fake_f8b47e84fa,12.2515625,2.120805121527778,0.9140625,18.0,128.0,0.1624365482233502,"[0.         0.40135863 0.         0.91592098 0.         0.
 0.        ]",0.0
fake_f8d0fde534,23.802334384858046,4.592758499824746,0.8517350157728707,2.0,317.0,0.2365671641791044,"[0.         0.98437618 0.12450608 0.12450608 0.         0.
 0.        ]",0.0
fake_f95fc1129f,18.05545454545455,0.9200252525252526,0.6363636363636364,1.0,11.0,0.01985559566787,"[0.         0.76822128 0.         0.6401844  0.         0.
 0.        ]",0.0
fake_fb0b824df1,18.71181818181818,1.1864646464646464,0.8660287081339713,5.0,209.0,0.1977294228949858,"[0.19021998 0.31956956 0.16739358 0.91305588 0.         0.
 0.        ]",0.0
fake_fde2098030,44.26871428571428,4.433571428571429,0.6571428571428571,3.0,140.0,0.1109350237717908,"[0.         0.38289067 0.15522595 0.9106589  0.         0.
 0.        ]",0.0
